simplified_name	titulo	autor	nivel_educativo	materia	tipo	idioma	ilustraciones	genero	pagina	tamano	deposito_legal	isbn	edad	ficha_didactica
a_fantastic_tale_and_other_stories	A fantastic tale and other stories	Roger Otero Lorent	PRIMARIA	LITERATURA	OBRA_LITERARIA	INGLES		CUENTOS_INFANTILES	92.0	14 x 20 cm			TODO_PUBLICO	YES
amigos_para_siempre	Amigos para siempre	Roger Otero Lorent	PRIMARIA	LITERATURA	OBRA_LITERARIA	ESPANOL	Luigi Guzmán	CUENTOS_INFANTILES_CONTRA_LA_VIOLENCIA	90.0	15 x 21 cm	8-1-2613-19	978-99974-0-997-3	TODO_PUBLICO	YES
antes_de_que_se_vaya_la_ninez	Antes de que se vaya la niñez	Roger Otero Lorent	PRIMARIA	LITERATURA	OBRA_LITERARIA	ESPANOL	CANAM	CUENTOS_INFANTILES	96.0	14 x 21 cm	8-1-3113-2022	978-9917-0-2017-2	TODO_PUBLICO	YES
aplaudamos_al_mosquito_y_otros_cuentos	Aplaudamos al mosquito y otros cuentos	Roger Otero Lorent	PRIMARIA	LITERATURA	OBRA_LITERARIA	ESPANOL		CUENTOS_INFANTILES	84.0	14 x 21 cm			TODO_PUBLICO	YES
asi_era_la_vida	Así era la vida	Roger Otero Lorent	PRIMARIA	LITERATURA	OBRA_LITERARIA	ESPANOL		NOVELA_INFANTIL_JUVENIL	106.0	14 x 20 cm			TODO_PUBLICO	YES
ayudenme_a_recordar	Ayúdenme a recordar	Raúl Otero Reiche	SECUNDARIA	LITERATURA	OBRA_LITERARIA	ESPANOL		POESIA_COSTUMBRISTA_EN_SONETOS	162.0	15 x 21 cm	8-1-917-16	978-99974-58-59-9	TODO_PUBLICO	YES
bullying	Bullying	Roger Otero Lorent	SECUNDARIA	LITERATURA	OBRA_LITERARIA	ESPANOL		NOVELA_JUVENIL	126.0	15 x 21 cm	8-1-1897-14	978-99974-44-22-6	TODO_PUBLICO	YES
cartita_de_amor	Cartita de amor	Roger Otero Lorent	SECUNDARIA	LITERATURA	OBRA_LITERARIA	ESPANOL	Luna Estudio	CUENTOS_INFANTILES	98.0	14 x 21 cm	8-1-2186-2023	978-9917-0-2750-8	TODO_PUBLICO	YES
club_de_lectura_gaia	Club de lectura: Gaia	Fabián Dorigo	SECUNDARIA	LITERATURA	OBRA_LITERARIA	ESPANOL		NOVELA_JUVENIL	140.0	15 x 21 cm	8-1-1918-19	978-99974-0-850-1	TODO_PUBLICO	YES
club_de_lectura_la_invasion_de_los_globots	Club de lectura: la invasión de los globots	Fabián Dorigo	SECUNDARIA	LITERATURA	OBRA_LITERARIA	ESPANOL		NOVELA_JUVENIL	158.0	15 x 21 cm	8-1-2066-18	978-99974-0-241-7	TODO_PUBLICO	YES
club_de_lectura_la_red_neuronal	Club de lectura: la red neuronal	Fabián Dorigo	SECUNDARIA	LITERATURA	OBRA_LITERARIA	ESPANOL		NOVELA_JUVENIL	100.0	15 x 21 cm	8-1-1816-17	978-99974-73-36-3	A_PARTIR_DE_12_ANOS_DE_EDAD	YES
cocacho_el_perro_bilingue	Cocacho, el perro bilingüe	Roger Otero Lorent	PRIMARIA	LITERATURA	OBRA_LITERARIA	ESPANOL	Simona	CUENTOS_INFANTILES_CONTRA_LA_VIOLENCIA	84.0	15 x 21 cm	8-1-2613-19	978-99974-0-997-3	TODO_PUBLICO	YES
cuarentena	Cuarentena	Alicia Barberis, Ezequiel Dellutri, Fabián Dorigo, Fernando Figueras, Juan Guinot, Natalí Tentori, Pablo Martínez Burkett, Álvaro Secondo Escandell, Roberto Navia, Roger Otero Lorent	SECUNDARIA	LITERATURA	OBRA_LITERARIA	ESPANOL		ANTOLOGIA_DE_CUENTOS_JUVENILES_SOBRE_EL_CORONAVIRUS	200.0	15 x 21 cm	8-1-2613-19	978-99974-0-997-3	TODO_PUBLICO	YES
cuentos_con_vocales	Cuentos con vocales	Billy Castillo	PRIMARIA	LITERATURA	OBRA_LITERARIA	ESPANOL	Billy Castillo	CUENTOS_INFANTILES	42.0	15 x 21 cm	8-1-1818-17	978-99974-73-37-0	TODO_PUBLICO	YES
cuentos_de_mi_profe	Cuentos de mi profe	Roger Otero Lorent	PRIMARIA	LITERATURA	OBRA_LITERARIA	ESPANOL	Luis M. Fernandez M.	CUENTO_INFANTIL	52.0	15 x 21 cm	8-1-918-16	978-99974-58-57-5	TODO_PUBLICO	YES
cuentos_de_misterio_para_ninos_y_detectives	Cuentos de misterio para niños y detectives	Roger Otero Lorent	PRIMARIA	LITERATURA	OBRA_LITERARIA	ESPANOL	Luna Estudio	CUENTOS_INFANTILES	116.0	14 x 20 cm			TODO_PUBLICO	YES
cuentos_tristes_para_una_noche_rota	Cuentos tristes para una noche rota	Roger Otero Lorent	PRIMARIA	LITERATURA	OBRA_LITERARIA	ESPANOL		CUENTOS_INFANTILES	100.0	14 x 21 cm			A_PARTIR_DE_12_ANOS_DE_EDAD	YES
cyberbullying	Cyberbullying	Roger Otero Lorent	SECUNDARIA	LITERATURA	OBRA_LITERARIA	ESPANOL		NOVELA_JUVENIL	150.0	15 x 21 cm	8-1-1157-16	978-99974-58-64-3	TODO_PUBLICO	YES
dias_contados	Días contados	Roger Otero Lorent	SECUNDARIA	LITERATURA	OBRA_LITERARIA	ESPANOL		CUENTOS_JUVENILES	72.0	14 x 21 cm	8-1-2613-19	978-99974-0-997-3	A_PARTIR_DE_12_ANOS_DE_EDAD	YES
don_grunon_tarantuloso	Don Gruñón Tarantuloso	Roger Otero Lorent	PRIMARIA	LITERATURA	OBRA_LITERARIA	ESPANOL	Luna Estudio	CUENTOS_INFANTILES	60.0	14 x 21 cm			TODO_PUBLICO	YES
el_amor_en_alguna_parte	El amor en alguna parte	Roger Otero Lorent	SECUNDARIA	LITERATURA	OBRA_LITERARIA	ESPANOL		NOVELA_JUVENIL	78.0	15 x 21 cm	8-1-2140-15	978-99974-50-23-4	TODO_PUBLICO	YES
el_ataque	El ataque	Natalí Tentori	PRIMARIA	LITERATURA	OBRA_LITERARIA	ESPANOL	Aida Elvira Blanco	NOVELA_INFANTIL_JUVENIL	100.0	15 x 21 cm	8-1-1923-19	978-99974-0-854-9	TODO_PUBLICO	YES
el_cascabel_del_gato_y_otros_cuentos	El cascabel del gato y otros cuentos	Roger Otero Lorent	PRIMARIA	LITERATURA	OBRA_LITERARIA	ESPANOL	Luna Estudio	CUENTOS_INFANTILES	90.0	14 x 21 cm			TODO_PUBLICO	YES
el_desorden_de_los_juguetes	El desorden de los juguetes	Roger Otero Lorent	PRIMARIA	LITERATURA	OBRA_LITERARIA	ESPANOL	Luis A.	CUENTOS_INFANTILES	100.0	14 x 21 cm	8-1-2421-2023	978-9917-0-2751-5	TODO_PUBLICO	YES
el_hogar_de_los_pajaros_y_otros_cuentos_infantiles	El hogar de los pájaros y otros cuentos infantiles	Roger Otero Lorent	PRIMARIA	LITERATURA	OBRA_LITERARIA	ESPANOL	Luna Estudio	CUENTOS_INFANTILES	120.0	14 x 20 cm			TODO_PUBLICO	YES
el_hombre_que_golpeaba_con_la_mandibula	El hombre que golpeaba con la mandíbula	Roger Otero Lorent	SECUNDARIA	LITERATURA	OBRA_LITERARIA	ESPANOL	Juanita Golondrina	CUENTOS_JUVENILES	136.0	15 x 21 cm	8-1-2611-19	978-99974-0-999-7	TODO_PUBLICO	YES
el_invento_contra_el_hipo	El invento contra el hipo	Roger Otero Lorent	PRIMARIA	LITERATURA	OBRA_LITERARIA	ESPANOL	Luis M. Fernandez M.	CUENTO_INFANTIL	54.0	15 x 21 cm	8-1-2823-15	978-99974-53-28-0	TODO_PUBLICO	YES
el_nombre_del_caballo	El nombre del caballo	Álvaro Secondo Escandell	SECUNDARIA	LITERATURA	OBRA_LITERARIA	ESPANOL	Gustavo Adrián Desimone	NOVELA_JUVENIL	130.0	15 x 21 cm	8-1-1921-19	978-99974-0-877-8	TODO_PUBLICO	YES
el_sindrome_de_heraclito	El síndrome de Heráclito	Roger Otero Lorent	SECUNDARIA	LITERATURA	OBRA_LITERARIA	ESPANOL		CUENTOS_JUVENILES	118.0	14 x 20 cm			TODO_PUBLICO	YES
el_zurdo_de_oro	El Zurdo de Oro	Roger Otero Lorent	SECUNDARIA	LITERATURA	OBRA_LITERARIA	ESPANOL		NOVELA_JUVENIL	110.0	15 x 21 cm	8-1-2141-15	978-99974-50-25-8	A_PARTIR_DE_12_ANOS_DE_EDAD	YES
ellos_no_saben_que	Ellos no saben qué...	Roger Otero Lorent	SECUNDARIA	LITERATURA	OBRA_LITERARIA	ESPANOL		NOVELA_JUVENIL	120.0		8-1-2419-2023	978-9917-0-2756-0	A_PARTIR_DE_12_ANOS_DE_EDAD	YES
encontre_un_lapiz_y_dibuje_mi_mundo	Encontré un lápiz y dibujé mi mundo	Roger Otero Lorent	PRIMARIA	LITERATURA	OBRA_LITERARIA	ESPANOL	Yanine Senzano Cuéllar	NOVELA_INFANTIL_JUVENIL	120.0	15 x 21 cm	8-1-4218-16	978-99974-63-41-8	TODO_PUBLICO	YES
ese_hombre_que_no_era_yo	Ese hombre que no era yo	Roger Otero Lorent	SECUNDARIA	LITERATURA	OBRA_LITERARIA	ESPANOL		NOVELA_JUVENIL	200.0	15 x 21 cm	8-1-2613-19	978-99974-0-997-3	TODO_PUBLICO	YES
fabulas_i	Fábulas I	Raúl Otero Reiche	PRIMARIA	LITERATURA	OBRA_LITERARIA	ESPANOL	Luis M. Fernandez M.	FABULA	88.0	15 x 21 cm	8-1-2142-15	978-99974-50-26-5	TODO_PUBLICO	YES
fabulas_ii	Fábulas II	Raúl Otero Reiche	PRIMARIA	LITERATURA	OBRA_LITERARIA	ESPANOL	Luis M. Fernandez M.	FABULA	86.0	15 x 21 cm	8-1-2142-15	978-99974-50-26-5	TODO_PUBLICO	YES
flores_para_deshojar	Flores para deshojar	Raúl Otero Reiche	PRIMARIA	LITERATURA	OBRA_LITERARIA	ESPANOL	Ivonne Vásquez	POESIA_INFANTIL	78.0	15 x 21 cm	8-1-919-16	978-99974-58-58-2	TODO_PUBLICO	YES
hijos_de_la_isla	Hijos de la isla	Laura Moreno	PRIMARIA	LITERATURA	OBRA_LITERARIA	ESPANOL		NOVELA_JUVENIL	170.0		8-1-2420-2023	978-9917-0-2754-6	A_PARTIR_DE_12_ANOS_DE_EDAD	YES
how_not_to_make_friends_and_other_lessons_i_didnt_ask_for	How not to make friends and other lessons I didn’t ask for	Roger Otero Lorent	SECUNDARIA	LITERATURA	OBRA_LITERARIA	INGLES		NOVELA_INFANTIL_JUVENIL	97.0	14 x 20 cm			TODO_PUBLICO	YES
la_casa_del_crimen	La casa del crimen	Alicia Barberis	PRIMARIA	LITERATURA	OBRA_LITERARIA	ESPANOL	Allmuro	NOVELA_INFANTIL_JUVENIL	134.0	15 x 21 cm	8-1-1924-19	978-99974-0-851-8	TODO_PUBLICO	YES
la_casa_encantada	La casa encantada	Roger Otero Lorent	PRIMARIA	LITERATURA	OBRA_LITERARIA	ESPANOL	Yanine Senzano Cuéllar	CUENTO_INFANTIL	78.0	15 x 21 cm	8-1-2823-15	978-99974-53-28-0	TODO_PUBLICO	YES
la_chica_que_se_creia_de_otro_planeta	La chica que se creía de otro planeta	Roger Otero Lorent	SECUNDARIA	LITERATURA	OBRA_LITERARIA	ESPANOL		NOVELA_JUVENIL	110.0	15 x 21 cm	8-1-2143-15	978-99974-50-24-1	A_PARTIR_DE_12_ANOS_DE_EDAD	YES
la_tregua_incomoda	La tregua incómoda	Roger Otero Lorent	SECUNDARIA	LITERATURA	OBRA_LITERARIA	ESPANOL		CUENTOS_JUVENILES	116.0	15 x 21 cm	8-1-2613-19	978-99974-0-997-3	TODO_PUBLICO	YES
la_venganza_del_ogro	La venganza del ogro	Alicia Barberis	PRIMARIA	LITERATURA	OBRA_LITERARIA	ESPANOL	Luis M. Fernández	NOVELA_INFANTIL	116.0	15 x 21 cm	8-1-2065-18	978-99974-0-240-0	TODO_PUBLICO	YES
lo_bonito_de_ser_feos	Lo bonito de ser feos	Roger Otero Lorent	SECUNDARIA	LITERATURA	OBRA_LITERARIA	ESPANOL		NOVELA_JUVENIL	153.0	15 x 21 cm	8-1-2282-13	978-99954-2-875-4	TODO_PUBLICO	YES
lo_bonito_de_ser_feos_el_inicio	Lo bonito de ser feos. El inicio…	Roger Otero Lorent	SECUNDARIA	LITERATURA	OBRA_LITERARIA	ESPANOL		NOVELA_JUVENIL	117.0	15 x 21 cm	8-1-1901-14	978-99974-4421-9	TODO_PUBLICO	YES
los_acertijos_de_glenda	Los acertijos de Glenda	Roger Otero Lorent	SECUNDARIA	LITERATURA	OBRA_LITERARIA	ESPANOL		NOVELA_JUVENIL	149.0	15 x 21 cm	8-1-2281-13	978-99954-2-876-1	TODO_PUBLICO	YES
los_hilos_que_nunca_vimos	Los hilos que nunca vimos	Jorge Arancibia	SECUNDARIA	LITERATURA	OBRA_LITERARIA	ESPANOL		NOVELA_JUVENIL	154.0	14 x 20 cm			TODO_PUBLICO	YES
maria_quiere_volar	María quiere volar	Roger Otero Lorent	PRIMARIA	LITERATURA	OBRA_LITERARIA	ESPANOL	Luis M. Fernandez M.	CUENTO_INFANTIL	38.0	15 x 21 cm	8-1-1819-17	978-99974-73-34-9	TODO_PUBLICO	YES
mientras_crecemos	Mientras crecemos	Roger Otero Lorent	PRIMARIA	LITERATURA	OBRA_LITERARIA	ESPANOL	Yanine Senzano Cuéllar	NOVELA_INFANTIL_JUVENIL	126.0	15 x 21 cm	8-1-2822-15	978-99974-53-27-3	TODO_PUBLICO	YES
mil_nombres	Mil nombres	Ezequiel Dellutri	SECUNDARIA	LITERATURA	OBRA_LITERARIA	ESPANOL	Alejandra Gonzalez	NOVELA_INFANTIL_JUVENIL	112.0		8-1-3115-2022	978-9917-0-2019-6	TODO_PUBLICO	YES
no_me_gusta_aplaudir	No me gusta aplaudir	Roger Otero Lorent	PRIMARIA	LITERATURA	OBRA_LITERARIA	ESPANOL	Facundo M. Vera	RELATO_INFANTIL	60.0	14 x 21 cm	8-1-3114-2022	978-9917-0-2018-9	TODO_PUBLICO	YES
prisioneros	Prisioneros	Ezequiel Dellutri	SECUNDARIA	LITERATURA	OBRA_LITERARIA	ESPANOL		NOVELA_JUVENIL	110.0		8-1-3116-2022	978-9917-0-2020-2	TODO_PUBLICO	YES
que_asco	¡Qué asco!	Ezequiel Dellutri	PRIMARIA	LITERATURA	OBRA_LITERARIA	ESPANOL	Yanine Senzano Cuéllar	NOVELA_INFANTIL_JUVENIL	106.0	15 x 21 cm	8-1-2062-18	978-99974-0-238-7	TODO_PUBLICO	YES
quien_mato_al_mayordomo	¡Quién mató al mayordomo?	Roger Otero Lorent	SECUNDARIA	LITERATURA	OBRA_LITERARIA	ESPANOL		CUENTOS_JUVENILES	76.0		8-1-3110-2022	978-9917-0-2021-9	A_PARTIR_DE_12_ANOS_DE_EDAD	YES
quiero_ganar	Quiero ganar	Roger Otero Lorent	SECUNDARIA	LITERATURA	OBRA_LITERARIA	ESPANOL		NOVELA_JUVENIL	150.0	14 x 21 cm			A_PARTIR_DE_12_ANOS_DE_EDAD	YES
sobre_la_convergencia	Sobre la convergencia	Ezequiel Dellutri	SECUNDARIA	LITERATURA	OBRA_LITERARIA	ESPANOL		NOVELA_JUVENIL	158.0	14 x 21 cm	8-1-2613-19	978-99974-0-997-3	TODO_PUBLICO	YES
sobre_los_inmortales	Sobre los inmortales	Ezequiel Dellutri	SECUNDARIA	LITERATURA	OBRA_LITERARIA	ESPANOL		NOVELA_JUVENIL	115.0	15 x 21 cm	8-1-2613-19	978-99974-0-997-3	TODO_PUBLICO	YES
solo_basta_un_parpadeo	Solo basta un parpadeo	Polina Maya	SECUNDARIA	LITERATURA	OBRA_LITERARIA	ESPANOL		NOVELA_JUVENIL	100.0		8-1-3111-2022	978-9917-0-2022-6	A_PARTIR_DE_12_ANOS_DE_EDAD	YES
sustos_de_medianoche	Sustos de medianoche	Roger Otero Lorent	PRIMARIA	LITERATURA	OBRA_LITERARIA	ESPANOL	Juanita Golondrina	CUENTO_INFANTIL	72.0	15 x 21 cm	8-1-2613-19	978-99974-0-997-3	TODO_PUBLICO	YES
thats_just_how_life_is	That’s just how life is	Roger Otero Lorent	PRIMARIA	LITERATURA	OBRA_LITERARIA	INGLES		NOVELA_INFANTIL_JUVENIL	102.0	14 x 20 cm			TODO_PUBLICO	YES
the_heraclitus_syndrome	The Heraclitus Syndrome	Roger Otero Lorent	SECUNDARIA	LITERATURA	OBRA_LITERARIA	INGLES		CUENTOS_JUVENILES	110.0	14 x 20 cm			TODO_PUBLICO	YES
un_paseo_por_las_letras	Un paseo por las letras	Mariana López Acebedo	PRIMARIA	LITERATURA	OBRA_LITERARIA	ESPANOL	Sandra D.	CUENTOS_INFANTILES	78.0	14 x 21 cm	8-1-2421-2023	978-9917-0-2752-2	TODO_PUBLICO	YES
una_cita_con_dios	Una cita con Dios	Roger Otero Lorent	PRIMARIA	LITERATURA	OBRA_LITERARIA	ESPANOL	Genesis Gelbes	CUENTOS_INFANTILES_CONTRA_LA_VIOLENCIA	96.0	15 x 21 cm	8-1-2613-19	978-99974-0-997-3	TODO_PUBLICO	YES
una_historia_sencilla_y_atroz	Una historia sencilla y atroz	Jorge Arancibia	SECUNDARIA	LITERATURA	OBRA_LITERARIA	ESPANOL		NOVELA_JUVENIL	102.0		8-1-2422-2023	978-9917-0-2755-3	A_PARTIR_DE_12_ANOS_DE_EDAD	YES
una_historia_sobre_el_fin_del_mundo	Una historia sobre el fin del mundo	Jorge Arancibia	SECUNDARIA	LITERATURA	OBRA_LITERARIA	ESPANOL		NOVELA_JUVENIL	128.0	14 x 21 cm			A_PARTIR_DE_12_ANOS_DE_EDAD	YES
una_jaula_para_anibal	Una jaula para Aníbal	Roger Otero Lorent	PRIMARIA	LITERATURA	OBRA_LITERARIA	ESPANOL	Juanita Golondrina	CUENTOS_INFANTILES_CONTRA_LA_VIOLENCIA	90.0	15 x 21 cm	8-1-2511-19	978-99974-0-998-0	TODO_PUBLICO	YES
uningenuo_y_los_dragones	Uningenuo y los dragones	Roger Otero Lorent	PRIMARIA	LITERATURA	OBRA_LITERARIA	ESPANOL	Juanita Golondrina	CUENTO_INFANTIL	90.0	15 x 21 cm	8-1-2613-19	978-99974-0-997-3	TODO_PUBLICO	YES
voces_en_conflicto	Voces en conflicto	María del Carmen Cuevas H.	SECUNDARIA	LITERATURA	OBRA_LITERARIA	ESPANOL		NOVELA_JUVENIL	116.0		8-1-2423-2023	978-9917-0-2753-9	A_PARTIR_DE_12_ANOS_DE_EDAD	YES
xq	XQ	Roger Otero Lorent	SECUNDARIA	LITERATURA	OBRA_LITERARIA	ESPANOL		NOVELA_JUVENIL	98.0	14 x 20 cm			TODO_PUBLICO	YES
lenguaje_y_comunicacion-1-primaria	Lenguaje y Comunicación 1 Primaria	Varios	PRIMARIA	LITERATURA	TEXTO_EDUCATIVO	ESPANOL								
lenguaje_y_comunicacion-2-primaria	Lenguaje y Comunicación 2 Primaria	Varios	PRIMARIA	LITERATURA	TEXTO_EDUCATIVO	ESPANOL								
lenguaje_y_comunicacion-3-primaria	Lenguaje y Comunicación 3 Primaria	Varios	PRIMARIA	LITERATURA	TEXTO_EDUCATIVO	ESPANOL								
lenguaje_y_comunicacion-4-primaria	Lenguaje y Comunicación 4 Primaria	Varios	PRIMARIA	LITERATURA	TEXTO_EDUCATIVO	ESPANOL								
lenguaje_y_comunicacion-5-primaria	Lenguaje y Comunicación 5 Primaria	Varios	PRIMARIA	LITERATURA	TEXTO_EDUCATIVO	ESPANOL								
lenguaje_y_comunicacion-6-primaria	Lenguaje y Comunicación 6 Primaria	Varios	PRIMARIA	LITERATURA	TEXTO_EDUCATIVO	ESPANOL								
comunicacion_y_lenguaje-1-secundaria	Comunicación y Lenguaje 1 Secundaria	Varios	SECUNDARIA	LITERATURA	TEXTO_EDUCATIVO	ESPANOL								
comunicacion_y_lenguaje-2-secundaria	Comunicación y Lenguaje 2 Secundaria	Varios	SECUNDARIA	LITERATURA	TEXTO_EDUCATIVO	ESPANOL								
comunicacion_y_lenguaje-3-secundaria	Comunicación y Lenguaje 3 Secundaria	Varios	SECUNDARIA	LITERATURA	TEXTO_EDUCATIVO	ESPANOL								
comunicacion_y_lenguaje-4-secundaria	Comunicación y Lenguaje 4 Secundaria	Varios	SECUNDARIA	LITERATURA	TEXTO_EDUCATIVO	ESPANOL								
comunicacion_y_lenguaje-5-secundaria	Comunicación y Lenguaje 5 Secundaria	Varios	SECUNDARIA	LITERATURA	TEXTO_EDUCATIVO	ESPANOL								
comunicacion_y_lenguaje-6-secundaria	Comunicación y Lenguaje 6 Secundaria	Varios	SECUNDARIA	LITERATURA	TEXTO_EDUCATIVO	ESPANOL								
aprendamos_jugando	Aprendamos jugando	Roger Otero Lorent	INICIAL	EDUCACION_FISICA	TEXTO_EDUCATIVO	ESPANOL								
educacion_fisica_deportes_y_recreacion-1-primaria	Educación Física, Deportes y Recreación 1 Primaria	Varios	PRIMARIA	EDUCACION_FISICA	TEXTO_EDUCATIVO	ESPANOL								
educacion_fisica_deportes_y_recreacion-2-primaria	Educación Física, Deportes y Recreación 2 Primaria	Varios	PRIMARIA	EDUCACION_FISICA	TEXTO_EDUCATIVO	ESPANOL								
educacion_fisica_deportes_y_recreacion-3-primaria	Educación Física, Deportes y Recreación 3 Primaria	Varios	PRIMARIA	EDUCACION_FISICA	TEXTO_EDUCATIVO	ESPANOL								
educacion_fisica_deportes_y_recreacion-4-primaria	Educación Física, Deportes y Recreación 4 Primaria	Varios	PRIMARIA	EDUCACION_FISICA	TEXTO_EDUCATIVO	ESPANOL								
educacion_fisica_deportes_y_recreacion-5-primaria	Educación Física, Deportes y Recreación 5 Primaria	Varios	PRIMARIA	EDUCACION_FISICA	TEXTO_EDUCATIVO	ESPANOL								
educacion_fisica_deportes_y_recreacion-6-primaria	Educación Física, Deportes y Recreación 6 Primaria	Varios	PRIMARIA	EDUCACION_FISICA	TEXTO_EDUCATIVO	ESPANOL								
educacion_fisica_deportes_y_recreacion-1-secundaria	Educación Física, Deportes y Recreación 1 Secundaria	Varios	SECUNDARIA	EDUCACION_FISICA	TEXTO_EDUCATIVO	ESPANOL								
educacion_fisica_deportes_y_recreacion-2-secundaria	Educación Física, Deportes y Recreación 2 Secundaria	Varios	SECUNDARIA	EDUCACION_FISICA	TEXTO_EDUCATIVO	ESPANOL								
educacion_fisica_deportes_y_recreacion-3-secundaria	Educación Física, Deportes y Recreación 3 Secundaria	Varios	SECUNDARIA	EDUCACION_FISICA	TEXTO_EDUCATIVO	ESPANOL								
educacion_fisica_deportes_y_recreacion-4-secundaria	Educación Física, Deportes y Recreación 4 Secundaria	Varios	SECUNDARIA	EDUCACION_FISICA	TEXTO_EDUCATIVO	ESPANOL								
educacion_fisica_deportes_y_recreacion-5-secundaria	Educación Física, Deportes y Recreación 5 Secundaria	Varios	SECUNDARIA	EDUCACION_FISICA	TEXTO_EDUCATIVO	ESPANOL								
educacion_fisica_deportes_y_recreacion-6-secundaria	Educación Física, Deportes y Recreación 6 Secundaria	Varios	SECUNDARIA	EDUCACION_FISICA	TEXTO_EDUCATIVO	ESPANOL								
artes_plasticas_y_visuales-1-primaria	Artes Plásticas y Visuales 1 Primaria	Varios	SECUNDARIA	ARTES_PLASTICAS	TEXTO_EDUCATIVO	ESPANOL								
artes_plasticas_y_visuales-2-primaria	Artes Plásticas y Visuales 2 Primaria	Varios	PRIMARIA	ARTES_PLASTICAS	TEXTO_EDUCATIVO	ESPANOL								
artes_plasticas_y_visuales-3-primaria	Artes Plásticas y Visuales 3 Primaria	Varios	PRIMARIA	ARTES_PLASTICAS	TEXTO_EDUCATIVO	ESPANOL								
artes_plasticas_y_visuales-4-primaria	Artes Plásticas y Visuales 4 Primaria	Varios	PRIMARIA	ARTES_PLASTICAS	TEXTO_EDUCATIVO	ESPANOL								
artes_plasticas_y_visuales-5-primaria	Artes Plásticas y Visuales 5 Primaria	Varios	PRIMARIA	ARTES_PLASTICAS	TEXTO_EDUCATIVO	ESPANOL								
artes_plasticas_y_visuales-6-primaria	Artes Plásticas y Visuales 6 Primaria	Varios	PRIMARIA	ARTES_PLASTICAS	TEXTO_EDUCATIVO	ESPANOL								
artes_plasticas_y_visuales-1-secundaria	Artes Plásticas y Visuales 1 Secundaria	Varios	SECUNDARIA	ARTES_PLASTICAS	TEXTO_EDUCATIVO	ESPANOL								
artes_plasticas_y_visuales-2-secundaria	Artes Plásticas y Visuales 2 Secundaria	Varios	SECUNDARIA	ARTES_PLASTICAS	TEXTO_EDUCATIVO	ESPANOL								
artes_plasticas_y_visuales-3-secundaria	Artes Plásticas y Visuales 3 Secundaria	Varios	SECUNDARIA	ARTES_PLASTICAS	TEXTO_EDUCATIVO	ESPANOL								
artes_plasticas_y_visuales-4-secundaria	Artes Plásticas y Visuales 4 Secundaria	Varios	SECUNDARIA	ARTES_PLASTICAS	TEXTO_EDUCATIVO	ESPANOL								
artes_plasticas_y_visuales-5-secundaria	Artes Plásticas y Visuales 5 Secundaria	Varios	SECUNDARIA	ARTES_PLASTICAS	TEXTO_EDUCATIVO	ESPANOL								
artes_plasticas_y_visuales-6-secundaria	Artes Plásticas y Visuales 6 Secundaria	Varios	SECUNDARIA	ARTES_PLASTICAS	TEXTO_EDUCATIVO	ESPANOL								
educacion_musical-1-primaria	Educación Musical 1 Primaria	Varios	SECUNDARIA	MUSICA	TEXTO_EDUCATIVO	ESPANOL								
educacion_musical-2-primaria	Educación Musical 2 Primaria	Varios	PRIMARIA	MUSICA	TEXTO_EDUCATIVO	ESPANOL								
educacion_musical-3-primaria	Educación Musical 3 Primaria	Varios	PRIMARIA	MUSICA	TEXTO_EDUCATIVO	ESPANOL								
educacion_musical-4-primaria	Educación Musical 4 Primaria	Varios	PRIMARIA	MUSICA	TEXTO_EDUCATIVO	ESPANOL								
educacion_musical-5-primaria	Educación Musical 5 Primaria	Varios	PRIMARIA	MUSICA	TEXTO_EDUCATIVO	ESPANOL								
educacion_musical-6-primaria	Educación Musical 6 Primaria	Varios	PRIMARIA	MUSICA	TEXTO_EDUCATIVO	ESPANOL								
educacion_musical-1-secundaria	Educación Musical 1 Secundaria	Varios	SECUNDARIA	MUSICA	TEXTO_EDUCATIVO	ESPANOL								
educacion_musical-2-secundaria	Educación Musical 2 Secundaria	Varios	SECUNDARIA	MUSICA	TEXTO_EDUCATIVO	ESPANOL								
educacion_musical-3-secundaria	Educación Musical 3 Secundaria	Varios	SECUNDARIA	MUSICA	TEXTO_EDUCATIVO	ESPANOL								
educacion_musical-4-secundaria	Educación Musical 4 Secundaria	Varios	SECUNDARIA	MUSICA	TEXTO_EDUCATIVO	ESPANOL								
educacion_musical-5-secundaria	Educación Musical 5 Secundaria	Varios	SECUNDARIA	MUSICA	TEXTO_EDUCATIVO	ESPANOL								
educacion_musical-6-secundaria	Educación Musical 6 Secundaria	Varios	SECUNDARIA	MUSICA	TEXTO_EDUCATIVO	ESPANOL								
cosmovisiones_psicologia_y_filosofia-1-secundaria	Cosmovisiones, Psicología Y Filosofía 1 Secundaria	Varios	SECUNDARIA	PSICOLOGIA	TEXTO_EDUCATIVO	ESPANOL								
cosmovisiones_psicologia_y_filosofia-2-secundaria	Cosmovisiones, Psicología Y Filosofía 2 Secundaria	Varios	SECUNDARIA	PSICOLOGIA	TEXTO_EDUCATIVO	ESPANOL								
cosmovisiones_filosofia_y_psicologia-3-secundaria	Cosmovisiones, Filosofía Y Psicología 3 Secundaria	Varios	SECUNDARIA	PSICOLOGIA	TEXTO_EDUCATIVO	ESPANOL								
cosmovisiones_filosofia_y_psicologia-4-secundaria	Cosmovisiones, Filosofía Y Psicología 4 Secundaria	Varios	SECUNDARIA	PSICOLOGIA	TEXTO_EDUCATIVO	ESPANOL								
cosmovisiones_filosofia_y_psicologia-5-secundaria	Cosmovisiones, Filosofía Y Psicología 5 Secundaria	Varios	SECUNDARIA	PSICOLOGIA	TEXTO_EDUCATIVO	ESPANOL								
cosmovisiones_filosofia_y_psicologia-6-secundaria	Cosmovisiones, Filosofía Y Psicología 6 Secundaria	Varios	SECUNDARIA	PSICOLOGIA	TEXTO_EDUCATIVO	ESPANOL								
mi_libro_de_valores-1-primaria	Mi Libro de valores 1 Primaria	Varios	PRIMARIA	VALORES	TEXTO_EDUCATIVO	ESPANOL								
mi_libro_de_valores-2-primaria	Mi Libro de valores 2 Primaria	Varios	PRIMARIA	VALORES	TEXTO_EDUCATIVO	ESPANOL								
mi_libro_de_valores-3-primaria	Mi Libro de valores 3 Primaria	Varios	PRIMARIA	VALORES	TEXTO_EDUCATIVO	ESPANOL								
mi_libro_de_valores-4-primaria	Mi Libro de valores 4 Primaria	Varios	PRIMARIA	VALORES	TEXTO_EDUCATIVO	ESPANOL								
mi_libro_de_valores-5-primaria	Mi Libro de valores 5 Primaria	Varios	PRIMARIA	VALORES	TEXTO_EDUCATIVO	ESPANOL								
mi_libro_de_valores-6-primaria	Mi Libro de valores 6 Primaria	Varios	PRIMARIA	VALORES	TEXTO_EDUCATIVO	ESPANOL								
mi_libro_de_valores-1-secundaria	Mi Libro de valores 1 Secundaria	Varios	SECUNDARIA	VALORES	TEXTO_EDUCATIVO	ESPANOL								
mi_libro_de_valores-2-secundaria	Mi Libro de valores 2 Secundaria	Varios	SECUNDARIA	VALORES	TEXTO_EDUCATIVO	ESPANOL								
mi_libro_de_valores-3-secundaria	Mi Libro de valores 3 Secundaria	Varios	SECUNDARIA	VALORES	TEXTO_EDUCATIVO	ESPANOL								
mi_libro_de_valores-4-secundaria	Mi Libro de valores 4 Secundaria	Varios	SECUNDARIA	VALORES	TEXTO_EDUCATIVO	ESPANOL								
mi_libro_de_valores-5-secundaria	Mi Libro de valores 5 Secundaria	Varios	SECUNDARIA	VALORES	TEXTO_EDUCATIVO	ESPANOL								
mi_libro_de_valores-6-secundaria	Mi Libro de valores 6 Secundaria	Varios	SECUNDARIA	VALORES	TEXTO_EDUCATIVO	ESPANOL								
el_arte_de_pensar_y_no_aplazarse_en_el_intento-1	El Arte de pensar y no aplazarse en el intento 1	Pablo Guillermo W.	SECUNDARIA	PSICOLOGIA	OBRA_LITERARIA	ESPANOL								
el_arte_de_pensar_y_no_aplazarse_en_el_intento-2	El Arte de pensar y no aplazarse en el intento 2	Pablo Guillermo W.	SECUNDARIA	PSICOLOGIA	OBRA_LITERARIA	ESPANOL								
el_arte_de_pensar_y_no_aplazarse_en_el_intento-3	El Arte de pensar y no aplazarse en el intento 3	Pablo Guillermo W.	SECUNDARIA	PSICOLOGIA	OBRA_LITERARIA	ESPANOL								
el_arte_de_pensar_y_no_aplazarse_en_el_intento-4	El Arte de pensar y no aplazarse en el intento 4	Pablo Guillermo W.	SECUNDARIA	PSICOLOGIA	OBRA_LITERARIA	ESPANOL								
el_arte_de_pensar_y_no_aplazarse_en_el_intento-5	El Arte de pensar y no aplazarse en el intento 5	Pablo Guillermo W.	SECUNDARIA	PSICOLOGIA	OBRA_LITERARIA	ESPANOL								
el_arte_de_pensar_y_no_aplazarse_en_el_intento-6	El Arte de pensar y no aplazarse en el intento 6	Pablo Guillermo W.	SECUNDARIA	PSICOLOGIA	OBRA_LITERARIA	ESPANOL								
